{
  "WorkItem": {
    "AffectedComponent": {
      "Name": "",
      "DisplayName": ""
    },
    "ClosedComment": "",
    "ClosedDate": null,
    "CommentCount": 0,
    "Custom": null,
    "Description": "The test 15.2.3.4-4-1 checks the property names of the global object against the following list:\n[\"eval\", \"parseInt\", \"parseFloat\", \"isNaN\", \"isFinite\", \"decodeURI\", \"decodeURIComponent\", \"encodeURIComponent\", \"escape\", \"unescape\", \"NaN\", \"Infinity\", \"undefined\"]\nThis test has two problems:\n1. The list above is missing quite a few standard properties (e.g. \"encodeURI\", \"Array\", \"JSON\", \"Math\", etc)\n2. Implementations are allowed to extend the global object and many do (including all the major browsers).",
    "LastUpdatedDate": "2013-02-12T19:09:24.76-08:00",
    "PlannedForRelease": "",
    "ReleaseVisibleToPublic": false,
    "Priority": {
      "Name": "Low",
      "Severity": 50,
      "Id": 1
    },
    "ProjectName": "ES5conform",
    "ReportedDate": "2010-08-16T18:00:33.26-07:00",
    "Status": {
      "Name": "Proposed",
      "Id": 1
    },
    "ReasonClosed": {
      "Name": "Unassigned"
    },
    "Summary": "The test 15.2.3.4-4-1 assumes a fixed list of properties on the global object",
    "Type": {
      "Name": "Issue",
      "Id": 3
    },
    "VoteCount": 1,
    "Id": 28595
  },
  "FileAttachments": [],
  "Comments": [
    {
      "Message": "The same problems apply to all the tests 15.2.3.4-4-2 through 15.2.3.4-4-35.",
      "PostedDate": "2010-08-16T18:06:40.307-07:00",
      "Id": -2147483648
    },
    {
      "Message": "One possible fix would be to check that the returned array is a superset of the hard-coded array (rather than an exact match, which is what is happening now).",
      "PostedDate": "2010-08-16T18:09:42.483-07:00",
      "Id": -2147483648
    },
    {
      "Message": "Duplicate of #26847",
      "PostedDate": "2010-08-17T22:37:14.517-07:00",
      "Id": -2147483648
    },
    {
      "Message": "I fixed the subsetting issue awhile ago, but the \"incomplete properties\" complaint is still valid.",
      "PostedDate": "2011-01-01T14:58:34.677-08:00",
      "Id": -2147483648
    },
    {
      "Message": "",
      "PostedDate": "2013-02-12T19:09:24.76-08:00",
      "Id": -2147483648
    }
  ]
}