{
  "WorkItem": {
    "AffectedComponent": {
      "Name": "",
      "DisplayName": ""
    },
    "ClosedComment": "fixed in changeset 58906&#59;",
    "ClosedDate": "2009-09-12T16:38:08.283-07:00",
    "CommentCount": 0,
    "Custom": null,
    "Description": "These tests are supposed to check whether string indexing for non-indices returns undefined, but instead just checks whether it returns a truthy value.",
    "LastUpdatedDate": "2013-05-15T16:23:22.443-07:00",
    "PlannedForRelease": "",
    "ReleaseVisibleToPublic": false,
    "Priority": {
      "Name": "Low",
      "Severity": 50,
      "Id": 1
    },
    "ProjectName": "ES5conform",
    "ReportedDate": "2009-07-29T13:36:14.39-07:00",
    "Status": {
      "Name": "Closed",
      "Id": 4
    },
    "ReasonClosed": {
      "Name": "Unassigned"
    },
    "Summary": "Tests 15.5.5.5.2-3-5 and 15.5.5.5.2-3-8 test for truthiness, not undefined",
    "Type": {
      "Name": "Issue",
      "Id": 3
    },
    "VoteCount": 1,
    "Id": 24159
  },
  "FileAttachments": [],
  "Comments": []
}