{
  "WorkItem": {
    "AffectedComponent": {
      "Name": "",
      "DisplayName": ""
    },
    "ClosedComment": "",
    "ClosedDate": null,
    "CommentCount": 0,
    "Custom": null,
    "Description": "As far as I can tell, the test must return a value convertible to true in order to succeed.  There is no return statement in the test 15.3.2.1-11-6-s, so it returns undefined, which is convertible to false.  Therefore the test always fails.",
    "LastUpdatedDate": "2013-02-12T19:09:23.327-08:00",
    "PlannedForRelease": "",
    "ReleaseVisibleToPublic": false,
    "Priority": {
      "Name": "Low",
      "Severity": 50,
      "Id": 1
    },
    "ProjectName": "ES5conform",
    "ReportedDate": "2010-10-06T03:47:21.94-07:00",
    "Status": {
      "Name": "Proposed",
      "Id": 1
    },
    "ReasonClosed": {
      "Name": "Unassigned"
    },
    "Summary": "Test 15.3.2.1-11-6-s does not return a value",
    "Type": {
      "Name": "Issue",
      "Id": 3
    },
    "VoteCount": 2,
    "Id": 29103
  },
  "FileAttachments": [],
  "Comments": [
    {
      "Message": "http://es5conform.codeplex.com/workitem/29141 has a patch that also fixes this.",
      "PostedDate": "2011-01-01T14:38:32.253-08:00",
      "Id": -2147483648
    },
    {
      "Message": "",
      "PostedDate": "2011-02-04T14:50:05.257-08:00",
      "Id": -2147483648
    },
    {
      "Message": "",
      "PostedDate": "2013-02-12T19:09:23.327-08:00",
      "Id": -2147483648
    }
  ]
}