{
  "WorkItem": {
    "AffectedComponent": {
      "Name": "",
      "DisplayName": ""
    },
    "ClosedComment": "Closing this as it was fixed in revision 65285.Thank you for fixing this. ",
    "ClosedDate": "2010-07-20T00:53:39.64-07:00",
    "CommentCount": 0,
    "Custom": null,
    "Description": "Because \"this\" is not given as argument to the arr.every call the value when calling callbackfn will be undefined and the test therefore fails. According to the spec it should be undefined:\n\"If a thisArg parameter is provided, it will be used as the this value for each invocation of callbackfn. If it is not\nprovided, undefined is used instead.\"",
    "LastUpdatedDate": "2013-05-15T16:23:21.433-07:00",
    "PlannedForRelease": "",
    "ReleaseVisibleToPublic": false,
    "Priority": {
      "Name": "Low",
      "Severity": 50,
      "Id": 1
    },
    "ProjectName": "ES5conform",
    "ReportedDate": "2010-01-07T06:13:01.11-08:00",
    "Status": {
      "Name": "Closed",
      "Id": 4
    },
    "ReasonClosed": {
      "Name": "Unassigned"
    },
    "Summary": "Test 15.4.4.16-5-1 incorrect",
    "Type": {
      "Name": "Issue",
      "Id": 3
    },
    "VoteCount": 1,
    "Id": 25867
  },
  "FileAttachments": [],
  "Comments": []
}