{
  "WorkItem": {
    "AffectedComponent": {
      "Name": "",
      "DisplayName": ""
    },
    "ClosedComment": "",
    "ClosedDate": null,
    "CommentCount": 0,
    "Custom": null,
    "Description": "If the test succeeds, there is no return statement so the function returns undefined.  This causes the test to fail.\nThe following tests are affected:\n13.1-3-3-s\n13.1-3-4-s\n13.1-3-5-s\n13.1-3-6-s\n13.1-3-9-s\n13.1-3-10-s\n13.1-3-11-s\n13.1-3-12-s\n \nThe code:\n  e instanceof SyntaxError\nshould be:\n  return e instanceof SyntaxError",
    "LastUpdatedDate": "2013-02-12T19:09:23.677-08:00",
    "PlannedForRelease": "",
    "ReleaseVisibleToPublic": false,
    "Priority": {
      "Name": "Low",
      "Severity": 50,
      "Id": 1
    },
    "ProjectName": "ES5conform",
    "ReportedDate": "2010-10-06T02:52:14.137-07:00",
    "Status": {
      "Name": "Proposed",
      "Id": 1
    },
    "ReasonClosed": {
      "Name": "Unassigned"
    },
    "Summary": "Tests 13.1-3-3-s and others are missing a return statement",
    "Type": {
      "Name": "Issue",
      "Id": 3
    },
    "VoteCount": 2,
    "Id": 29100
  },
  "FileAttachments": [],
  "Comments": [
    {
      "Message": "http://es5conform.codeplex.com/workitem/29141 has a patch that also fixes this, although I'm not sure offhand if it fixes *all* the tests here -- probably, but not assuredly.",
      "PostedDate": "2011-01-01T14:39:36.51-08:00",
      "Id": -2147483648
    },
    {
      "Message": "",
      "PostedDate": "2013-02-12T19:09:23.677-08:00",
      "Id": -2147483648
    }
  ]
}