{
  "WorkItem": {
    "AffectedComponent": {
      "Name": "Simple Test Harness",
      "DisplayName": "Simple Test Harness"
    },
    "ClosedComment": "",
    "ClosedDate": null,
    "CommentCount": 0,
    "Custom": null,
    "Description": "The test harness currently reports tests in the windows directory traversal order used to generate the tests.html file. This uses string rather than numeric ordering resultings in things like section 15.12 coming before section 15.2.  The report generated should be modified to do a properly ordered sort by section numbers.",
    "LastUpdatedDate": "2013-02-12T19:09:30.77-08:00",
    "PlannedForRelease": "",
    "ReleaseVisibleToPublic": false,
    "Priority": {
      "Name": "Low",
      "Severity": 50,
      "Id": 1
    },
    "ProjectName": "ES5conform",
    "ReportedDate": "2009-06-27T12:45:38.413-07:00",
    "Status": {
      "Name": "Proposed",
      "Id": 1
    },
    "ReasonClosed": {
      "Name": "Unassigned"
    },
    "Summary": "Properly Sort test result report",
    "Type": {
      "Name": "Issue",
      "Id": 3
    },
    "VoteCount": 1,
    "Id": 23270
  },
  "FileAttachments": [],
  "Comments": []
}