{
  "WorkItem": {
    "AffectedComponent": {
      "Name": "",
      "DisplayName": ""
    },
    "ClosedComment": "fixed in changeset 58906&#59;",
    "ClosedDate": "2009-09-12T16:37:35.56-07:00",
    "CommentCount": 0,
    "Custom": null,
    "Description": "The tests are currently broken.\n \nSince\n[42] == 42 \nis true, the replacer function replaces the whole array, rather than the first array element. \n \nHaving the replacer function use === instead, e.g. \nJSON.stringify([42], function(k,v) {return v===42? new String('fortytwo'):v})\nwould fix this.",
    "LastUpdatedDate": "2013-05-15T16:23:23.383-07:00",
    "PlannedForRelease": "",
    "ReleaseVisibleToPublic": false,
    "Priority": {
      "Name": "Low",
      "Severity": 50,
      "Id": 1
    },
    "ProjectName": "ES5conform",
    "ReportedDate": "2009-07-15T09:28:49.947-07:00",
    "Status": {
      "Name": "Closed",
      "Id": 4
    },
    "ReasonClosed": {
      "Name": "Unassigned"
    },
    "Summary": "use === instead of == in the replacer function in 15.12.3@2-3-a-* tests",
    "Type": {
      "Name": "Issue",
      "Id": 3
    },
    "VoteCount": 1,
    "Id": 23495
  },
  "FileAttachments": [],
  "Comments": []
}