{
  "WorkItem": {
    "AffectedComponent": {
      "Name": "",
      "DisplayName": ""
    },
    "ClosedComment": "",
    "ClosedDate": null,
    "CommentCount": 0,
    "Custom": null,
    "Description": "The tests 15.4.4.21-9-c-ii-4-s and 15.4.4.22-9-c-ii-4-s assert that null should be passed as the this value to the callback function for reduce and reduceRight.  The spec is inconsistent (it says undefined for reduce and null for reduceRight) but in the latest errata it clarifies that both functions should pass undefined as the this value.",
    "LastUpdatedDate": "2013-02-12T19:09:24.427-08:00",
    "PlannedForRelease": "",
    "ReleaseVisibleToPublic": false,
    "Priority": {
      "Name": "Low",
      "Severity": 50,
      "Id": 1
    },
    "ProjectName": "ES5conform",
    "ReportedDate": "2010-10-05T16:49:36.253-07:00",
    "Status": {
      "Name": "Proposed",
      "Id": 1
    },
    "ReasonClosed": {
      "Name": "Unassigned"
    },
    "Summary": "Tests 15.4.4.21-9-c-ii-4-s and 15.4.4.22-9-c-ii-4-s assert that null should be passed as the this value (should be undefined)",
    "Type": {
      "Name": "Issue",
      "Id": 3
    },
    "VoteCount": 2,
    "Id": 29085
  },
  "FileAttachments": [],
  "Comments": [
    {
      "Message": "Additionally, the callback function is not marked as strict mode code so \"undefined\" will be converted to the global object as part of the function call.",
      "PostedDate": "2010-10-05T16:51:24.45-07:00",
      "Id": -2147483648
    },
    {
      "Message": "http://es5conform.codeplex.com/workitem/29141 has a patch that also fixes this, although I believe it's not fixed quite as suggested here.",
      "PostedDate": "2011-01-01T14:41:00.267-08:00",
      "Id": -2147483648
    },
    {
      "Message": "",
      "PostedDate": "2011-02-14T20:10:38.27-08:00",
      "Id": -2147483648
    },
    {
      "Message": "",
      "PostedDate": "2013-02-12T19:09:24.427-08:00",
      "Id": -2147483648
    }
  ]
}