{
  "WorkItem": {
    "AffectedComponent": {
      "Name": "",
      "DisplayName": ""
    },
    "ClosedComment": "",
    "ClosedDate": null,
    "CommentCount": 0,
    "Custom": null,
    "Description": "It seems that test always fail. \nfunction testcase() {\n    try {\n        Object.getPrototypeOf(0);\n    } catch (e) {\n        if (e instanceof TypeError) {\n            return true;\n        }\n    }\n}\n \nObject.getPrototypeOf(0); \nHere evaluation of `O' must throw a ReferenceError and test cannot be done at all.",
    "LastUpdatedDate": "2013-02-12T19:09:22.037-08:00",
    "PlannedForRelease": "",
    "ReleaseVisibleToPublic": false,
    "Priority": {
      "Name": "Low",
      "Severity": 50,
      "Id": 1
    },
    "ProjectName": "ES5conform",
    "ReportedDate": "2010-11-01T05:24:34.97-07:00",
    "Status": {
      "Name": "Proposed",
      "Id": 1
    },
    "ReasonClosed": {
      "Name": "Unassigned"
    },
    "Summary": "Test 15.2.3.2-1 always fail",
    "Type": {
      "Name": "Issue",
      "Id": 3
    },
    "VoteCount": 1,
    "Id": 29304
  },
  "FileAttachments": [],
  "Comments": [
    {
      "Message": "That's not an \"O\" (capital O), it's a \"0\" (zero).  The test is correct.",
      "PostedDate": "2010-11-05T09:29:32.983-07:00",
      "Id": -2147483648
    },
    {
      "Message": "",
      "PostedDate": "2013-02-12T19:09:22.037-08:00",
      "Id": -2147483648
    }
  ]
}