{
  "WorkItem": {
    "AffectedComponent": {
      "Name": "",
      "DisplayName": ""
    },
    "ClosedComment": "",
    "ClosedDate": null,
    "CommentCount": 0,
    "Custom": null,
    "Description": "I think these tests are making an incorrect assertion:\n \n15.4.4.16-7-7\n15.4.4.17-7-7\n15.4.4.18-7-6\n15.4.4.19-8-7\n15.4.4.20-9-7\n15.4.4.21-9-7\n15.4.4.22-9-7\n \nIn these tests the object property is being deleted, but that doesn't mean that the value itself is deleted - the method being called (e.g. every or filter) still has a reference to the array it's operating on.",
    "LastUpdatedDate": "2013-02-12T19:09:27.237-08:00",
    "PlannedForRelease": "",
    "ReleaseVisibleToPublic": false,
    "Priority": {
      "Name": "Low",
      "Severity": 50,
      "Id": 1
    },
    "ProjectName": "ES5conform",
    "ReportedDate": "2009-11-22T22:52:08.647-08:00",
    "Status": {
      "Name": "Proposed",
      "Id": 1
    },
    "ReasonClosed": {
      "Name": "Unassigned"
    },
    "Summary": "Array iteration methods may continue after a reference to the array has been deleted",
    "Type": {
      "Name": "Issue",
      "Id": 3
    },
    "VoteCount": 2,
    "Id": 25430
  },
  "FileAttachments": [],
  "Comments": [
    {
      "Message": "http://es5conform.codeplex.com/workitem/29141 has a patch that fixes this.",
      "PostedDate": "2011-01-01T14:56:30.15-08:00",
      "Id": -2147483648
    },
    {
      "Message": "",
      "PostedDate": "2013-02-12T19:09:27.237-08:00",
      "Id": -2147483648
    }
  ]
}