{
  "WorkItem": {
    "AffectedComponent": {
      "Name": "",
      "DisplayName": ""
    },
    "ClosedComment": "",
    "ClosedDate": null,
    "CommentCount": 0,
    "Custom": null,
    "Description": "The precondition for test 15.4.4.19-9-3 references \"a\":\n  return fnExists(Array.prototype.map, Array.isArray(a));\nThe variable \"a\" is not yet defined. This causes the precondition to fail.",
    "LastUpdatedDate": "2013-02-12T19:09:24.053-08:00",
    "PlannedForRelease": "",
    "ReleaseVisibleToPublic": false,
    "Priority": {
      "Name": "Low",
      "Severity": 50,
      "Id": 1
    },
    "ProjectName": "ES5conform",
    "ReportedDate": "2010-10-06T02:21:13.297-07:00",
    "Status": {
      "Name": "Proposed",
      "Id": 1
    },
    "ReasonClosed": {
      "Name": "Unassigned"
    },
    "Summary": "The precondition for test 15.4.4.19-9-3 references an undefined variable",
    "Type": {
      "Name": "Issue",
      "Id": 3
    },
    "VoteCount": 1,
    "Id": 29088
  },
  "FileAttachments": [],
  "Comments": [
    {
      "Message": "http://es5conform.codeplex.com/workitem/29141 has a patch that also fixes this.",
      "PostedDate": "2011-01-01T14:39:49.12-08:00",
      "Id": -2147483648
    },
    {
      "Message": "",
      "PostedDate": "2013-02-12T19:09:24.053-08:00",
      "Id": -2147483648
    }
  ]
}