{
  "WorkItem": {
    "AffectedComponent": {
      "Name": "",
      "DisplayName": ""
    },
    "ClosedComment": "fixed in changeset 58906&#59;",
    "ClosedDate": "2009-09-12T16:38:09.643-07:00",
    "CommentCount": 0,
    "Custom": null,
    "Description": "If I'm reading the specs correctly:\n \nwith-blocks do not introduce a new execution context, they simply replace the current execution context's VariableEnvironment with a child lexical environment, which uses an object environment record bound to the object passed to with. The previous VariableEnvironment is restored when exiting the with block. Because no new execution environment is introduced, the Declaration Binding Instantiation (spec section 10.5) never happens for with-blocks.\n \nWhat this means is that if a variable declaration inside a with-block uses the same name as a property on the object passed to with, then that property will be updated, otherwise the runtime will set that binding at the nearest containing function scope. Function declarations within with-blocks will always be bound and instantiated inside the closest enclosing function.\n \nThis makes the following tests incorrect:\n12.10-0-1\n12.10-0-2\n12.10-0-3\n12.10-0-4\n12.10-0-5\n12.10-0-8\n12.10-0-13",
    "LastUpdatedDate": "2013-05-15T16:23:22.063-07:00",
    "PlannedForRelease": "",
    "ReleaseVisibleToPublic": false,
    "Priority": {
      "Name": "Low",
      "Severity": 50,
      "Id": 1
    },
    "ProjectName": "ES5conform",
    "ReportedDate": "2009-08-05T02:40:10.56-07:00",
    "Status": {
      "Name": "Closed",
      "Id": 4
    },
    "ReasonClosed": {
      "Name": "Unassigned"
    },
    "Summary": "with-blocks do not create a new execution context",
    "Type": {
      "Name": "Issue",
      "Id": 3
    },
    "VoteCount": 1,
    "Id": 24209
  },
  "FileAttachments": [],
  "Comments": [
    {
      "Message": "Oops. Replace VariableEnvironment with LexicalEnvironment.",
      "PostedDate": "2009-08-05T03:10:35.643-07:00",
      "Id": -2147483648
    },
    {
      "Message": "",
      "PostedDate": "2009-09-12T16:38:09.643-07:00",
      "Id": -2147483648
    },
    {
      "Message": "",
      "PostedDate": "2013-02-12T19:09:28.45-08:00",
      "Id": -2147483648
    },
    {
      "Message": "",
      "PostedDate": "2013-05-15T16:23:22.063-07:00",
      "Id": -2147483648
    }
  ]
}