{
  "WorkItem": {
    "AffectedComponent": {
      "Name": "Infrastructure",
      "DisplayName": "Infrastructure"
    },
    "ClosedComment": "",
    "ClosedDate": null,
    "CommentCount": 0,
    "Custom": null,
    "Description": "generator.js that is used to create the test.html file only works on windows.  Alternative versions need to be created that work on other operating systems..",
    "LastUpdatedDate": "2013-02-12T19:09:30.95-08:00",
    "PlannedForRelease": "",
    "ReleaseVisibleToPublic": false,
    "Priority": {
      "Name": "Medium",
      "Severity": 100,
      "Id": 2
    },
    "ProjectName": "ES5conform",
    "ReportedDate": "2009-06-27T12:41:33.487-07:00",
    "Status": {
      "Name": "Proposed",
      "Id": 1
    },
    "ReasonClosed": {
      "Name": "Unassigned"
    },
    "Summary": "Generate test.html on non-Windows platform",
    "Type": {
      "Name": "Task",
      "Id": 2
    },
    "VoteCount": 2,
    "Id": 23269
  },
  "FileAttachments": [
    {
      "FileId": 8731,
      "FileName": "build.scpt",
      "DownloadUrl": ".\\8731"
    }
  ],
  "Comments": [
    {
      "Message": "I've written an AppleScript for generating the test.html on OS X.",
      "PostedDate": "2009-07-01T15:42:16.42-07:00",
      "Id": -2147483648
    },
    {
      "Message": "Please find attached the OS X build script.",
      "PostedDate": "2009-07-01T18:32:55.307-07:00",
      "Id": -2147483648
    },
    {
      "Message": "",
      "PostedDate": "2009-07-01T18:32:57.96-07:00",
      "Id": -2147483648
    },
    {
      "Message": "Is this submission ever going to be acknowledged???",
      "PostedDate": "2009-09-14T11:23:51.163-07:00",
      "Id": -2147483648
    },
    {
      "Message": "",
      "PostedDate": "2013-02-12T19:09:30.95-08:00",
      "Id": -2147483648
    }
  ]
}