{
  "WorkItem": {
    "AffectedComponent": {
      "Name": "",
      "DisplayName": ""
    },
    "ClosedComment": "fixed in changeset 58906&#59;",
    "ClosedDate": "2009-09-12T16:37:36.903-07:00",
    "CommentCount": 0,
    "Custom": null,
    "Description": "So tests:\n \n15.2.3.3-4-83\n15.2.3.3-4-87\n15.2.3.3-4-95\n \nare no longer relevant.",
    "LastUpdatedDate": "2013-05-15T16:23:23.103-07:00",
    "PlannedForRelease": "",
    "ReleaseVisibleToPublic": false,
    "Priority": {
      "Name": "Low",
      "Severity": 50,
      "Id": 1
    },
    "ProjectName": "ES5conform",
    "ReportedDate": "2009-07-22T01:37:44.45-07:00",
    "Status": {
      "Name": "Closed",
      "Id": 4
    },
    "ReasonClosed": {
      "Name": "Unassigned"
    },
    "Summary": "String, Number and Boolean prototypes no longer have toJSON method",
    "Type": {
      "Name": "Issue",
      "Id": 3
    },
    "VoteCount": 1,
    "Id": 23579
  },
  "FileAttachments": [],
  "Comments": []
}