{
  "WorkItem": {
    "AffectedComponent": {
      "Name": "",
      "DisplayName": ""
    },
    "ClosedComment": "fixed in changeset 58906&#59;",
    "ClosedDate": "2009-09-12T16:37:37.463-07:00",
    "CommentCount": 0,
    "Custom": null,
    "Description": "As these chars are no longer considered whitespace by the spec.\n \nTests to remove are:\n15.5.4.20-4-7\n15.5.4.20-4-9\n15.5.4.20-4-15\n15.5.4.20-4-17\n15.5.4.20-4-23\n15.5.4.20-4-25\n15.5.4.20-4-31\n15.5.4.20-4-33",
    "LastUpdatedDate": "2013-05-15T16:23:22.94-07:00",
    "PlannedForRelease": "",
    "ReleaseVisibleToPublic": false,
    "Priority": {
      "Name": "Low",
      "Severity": 50,
      "Id": 1
    },
    "ProjectName": "ES5conform",
    "ReportedDate": "2009-07-27T07:10:36.69-07:00",
    "Status": {
      "Name": "Closed",
      "Id": 4
    },
    "ReasonClosed": {
      "Name": "Unassigned"
    },
    "Summary": "remove tests for String.prototype.trim of <NEL> and <ZWSP> chars",
    "Type": {
      "Name": "Issue",
      "Id": 3
    },
    "VoteCount": 1,
    "Id": 23646
  },
  "FileAttachments": [],
  "Comments": []
}