{
  "WorkItem": {
    "AffectedComponent": {
      "Name": "",
      "DisplayName": ""
    },
    "ClosedComment": "",
    "ClosedDate": null,
    "CommentCount": 0,
    "Custom": null,
    "Description": "The test 11.4.1-4.a-4-s assumes that \"this.NaN\" exists and is non-configurable.  This is only true if \"this\" refers to the global object, but it doesn't; it refers to the test object instead.",
    "LastUpdatedDate": "2013-02-12T19:09:22.383-08:00",
    "PlannedForRelease": "",
    "ReleaseVisibleToPublic": false,
    "Priority": {
      "Name": "Low",
      "Severity": 50,
      "Id": 1
    },
    "ProjectName": "ES5conform",
    "ReportedDate": "2010-10-12T16:19:31.593-07:00",
    "Status": {
      "Name": "Proposed",
      "Id": 1
    },
    "ReasonClosed": {
      "Name": "Unassigned"
    },
    "Summary": "Test 11.4.1-4.a-4-s assumes the \"this\" keyword refers to the global object",
    "Type": {
      "Name": "Issue",
      "Id": 3
    },
    "VoteCount": 3,
    "Id": 29151
  },
  "FileAttachments": [],
  "Comments": [
    {
      "Message": "Note that there is a function for getting the global object: fnGlobalObject()",
      "PostedDate": "2010-10-12T16:21:04.72-07:00",
      "Id": -2147483648
    },
    {
      "Message": "",
      "PostedDate": "2010-12-07T09:04:44.767-08:00",
      "Id": -2147483648
    },
    {
      "Message": "",
      "PostedDate": "2011-02-12T19:49:10.033-08:00",
      "Id": -2147483648
    },
    {
      "Message": "",
      "PostedDate": "2013-02-12T19:09:22.383-08:00",
      "Id": -2147483648
    }
  ]
}