{
  "WorkItem": {
    "AffectedComponent": {
      "Name": "",
      "DisplayName": ""
    },
    "ClosedComment": "fixed in changeset 58906&#59;",
    "ClosedDate": "2009-09-12T16:37:39.237-07:00",
    "CommentCount": 0,
    "Custom": null,
    "Description": "Similar to 15.7.3.1-2, line 30 calls Object.getOwnPropertyDescriptor(Number, 'prototype'), when it means Number.prototype.",
    "LastUpdatedDate": "2013-05-15T16:23:22.573-07:00",
    "PlannedForRelease": "",
    "ReleaseVisibleToPublic": false,
    "Priority": {
      "Name": "Low",
      "Severity": 50,
      "Id": 1
    },
    "ProjectName": "ES5conform",
    "ReportedDate": "2009-07-29T13:23:15.173-07:00",
    "Status": {
      "Name": "Closed",
      "Id": 4
    },
    "ReasonClosed": {
      "Name": "Unassigned"
    },
    "Summary": "Test 15.7.3.1-3 gets the descriptor when it means to get the value",
    "Type": {
      "Name": "Issue",
      "Id": 3
    },
    "VoteCount": 1,
    "Id": 24158
  },
  "FileAttachments": [],
  "Comments": []
}