{
  "WorkItem": {
    "AffectedComponent": {
      "Name": "",
      "DisplayName": ""
    },
    "ClosedComment": "",
    "ClosedDate": null,
    "CommentCount": 0,
    "Custom": null,
    "Description": "The tests 10.6-13-b-3-s and 10.6-13-c-3-s call Object.getOwnPropertyDescriptor to determine whether \"arguments.callee\" and \"arguments.caller\" are configurable.  However, they check for the existence of the property \"put\".  The correct property to check for is \"set\".",
    "LastUpdatedDate": "2013-02-12T19:09:23.137-08:00",
    "PlannedForRelease": "",
    "ReleaseVisibleToPublic": false,
    "Priority": {
      "Name": "Low",
      "Severity": 50,
      "Id": 1
    },
    "ProjectName": "ES5conform",
    "ReportedDate": "2010-10-12T04:46:36.79-07:00",
    "Status": {
      "Name": "Proposed",
      "Id": 1
    },
    "ReasonClosed": {
      "Name": "Unassigned"
    },
    "Summary": "Tests 10.6-13-b-3-s and 10.6-13-c-3-s reference nonexistent property \"put\"",
    "Type": {
      "Name": "Issue",
      "Id": 3
    },
    "VoteCount": 3,
    "Id": 29141
  },
  "FileAttachments": [
    {
      "FileId": 11276,
      "FileName": "es5-fixes.diff",
      "DownloadUrl": ".\\11276"
    }
  ],
  "Comments": [
    {
      "Message": "This patch fixes this issue, among many, many more.  (I think it's near-complete as far as fixing broken tests goes -- with fixes in my tree we pass all but fourteen tests, and a number of those are due to bugs not fixed in my tree.)  It would be better to attach a patch to every relevant item, but it's a large enough list I'm not really motivated to do so.  ;-)  I'll add comments to the issues pointing to this patch instead.",
      "PostedDate": "2011-01-01T14:30:21.56-08:00",
      "Id": -2147483648
    },
    {
      "Message": "Thanks Jeff.  With your patch applied my ES5 implementation (http://jurassic.codeplex.com) fails 13 tests (down from 45).  Two are known bugs with my implementation - the rest are currently outstanding issues on this issue tracker (6 issues covering 11 tests).  By the way, your patch exposed a bug in my strict mode implementation, so thanks for your hard work!\r\n\r\nIn case you are interested, here are the eleven tests that I believe are still buggy (of course I am only picking up false negatives, not false positives):\r\n11.4.1-4.a-4-s       // assumes this refers to global object - http://es5conform.codeplex.com/workitem/29151\r\n11.4.1-5-1-s         // assumes delete var produces ReferenceError - http://es5conform.codeplex.com/workitem/29084\r\n11.4.1-5-2-s         // assumes delete var produces ReferenceError - http://es5conform.codeplex.com/workitem/29084\r\n11.4.1-5-3-s         // assumes delete var produces ReferenceError - http://es5conform.codeplex.com/workitem/29084\r\n11.13.1-1-7-s        // assumes this is undefined - http://es5conform.codeplex.com/workitem/29152\r\n11.13.1-4-2-s        // gets global object incorrectly - http://es5conform.codeplex.com/workitem/29087\r\n11.13.1-4-27-s       // gets global object incorrectly - http://es5conform.codeplex.com/workitem/29087\r\n11.13.1-4-3-s        // gets global object incorrectly - http://es5conform.codeplex.com/workitem/29087\r\n11.13.1-4-4-s        // gets global object incorrectly - http://es5conform.codeplex.com/workitem/29087\r\n15.2.3.3-4-188       // assumes Function.prototype.name does not exist - http://es5conform.codeplex.com/workitem/28594\r\n15.4.4.14-9.a-1      // placeholder test - http://es5conform.codeplex.com/workitem/29102",
      "PostedDate": "2011-01-02T05:06:11.427-08:00",
      "Id": -2147483648
    },
    {
      "Message": "Here are SpiderMonkey's results, for what it's worth, with all my patches (all attached to bugs, most waiting to be reviewed, one almost at the ready-to-attach stage, one very hackish patch that probably needs more work):\r\n\r\nWe fail these valid tests (tho I believe there's a patch, awaiting my review, to fix all these):\r\n\r\nFAIL: 15.4.4.14-1-1 Array.prototype.indexOf applied to undefined throws a TypeError\r\nFAIL: 15.4.4.14-1-2 Array.prototype.indexOf applied to null throws a TypeError\r\nFAIL: 15.5.4.20-1-2 String.prototype.trim throws TypeError when string is null\r\nFAIL: 15.5.4.20-1-1 String.prototype.trim throws TypeError when string is undefined\r\n\r\nThese tests seem invalid to me if you don't extend ES5:\r\n\r\nFAIL: 15.2.3.3-4-188 Object.getOwnPropertyDescriptor returns undefined for non-existent properties on built-ins (Function (instance).name)\r\nFAIL: 15.2.3.3-4-184 Object.getOwnPropertyDescriptor returns undefined for non-existent properties on built-ins (Function.caller)\r\nFAIL: 15.2.3.3-4-183 Object.getOwnPropertyDescriptor returns undefined for non-existent properties on built-ins (Function.arguments)\r\n\r\nThese tests are nearly-valid, but I just didn't fix them in the patch:\r\n\r\nFAIL: 11.4.1-4.a-4-s delete operator throws TypeError when when deleting a non-configurable data property in strict mode (Global.NaN)\r\nFAIL: 11.13.1-4-2-s simple assignment throws TypeError if LeftHandSide is a readonly property in strict mode (Global.NaN)\r\nFAIL: 11.13.1-4-3-s simple assignment throws TypeError if LeftHandSide is a readonly property in strict mode (Global.Infinity)\r\nFAIL: 11.13.1-4-4-s simple assignment throws TypeError if LeftHandSide is a readonly property in strict mode (Global.length)\r\nFAIL: 11.13.1-1-7-s simple assignment throws TypeError if LeftHandSide is a property reference with a primitive base value (this is undefined)\r\nFAIL: 11.13.1-4-27-s simple assignment throws TypeError if LeftHandSide is a readonly property in strict mode (Global.undefined)\r\nPRECONDITION FAILED: 15.4.4.14-9.a-1 Need to define a quality of implementation test that makes sure that it doesn't take forever to process very large but very sparse arrays\r\n\r\nThese tests are the delete-name-is-early-error disagreement:\r\n\r\nTestCases/chapter11/11.4/11.4.1/11.4.1-5-2-s.js<span style=\"color:red\"> Missing test: either misidentifed or could not load because of unexpected syntax error</span>\r\nTestCases/chapter11/11.4/11.4.1/11.4.1-5-3-s.js<span style=\"color:red\"> Missing test: either misidentifed or could not load because of unexpected syntax error</span>\r\nTestCases/chapter11/11.4/11.4.1/11.4.1-5-1-s.js<span style=\"color:red\"> Missing test: either misidentifed or could not load because of unexpected syntax error</span>\r\n\r\nThis test probably works in a browser, but I generally don't test browser until I have a working patch for a much smaller, less hairy shell environment (plus browser takes a lot longer to build):\r\n\r\nFAILED WITH EXCEPTION: WINDOW IS NOT DEFINED: 11.13.1-4-1 simple assignment creates property on the global object if LeftHandSide is an unresolvable reference\r\n\r\nSo aside from the two tests that expect no Function.caller/Function.arguments (this is outside the spec, which permits additional properties here and doesn't specify that these exist, as Function is not a function created through 13.something), we are in agreement as to what tests are bad and what tests are good.  Or, rather, our implementations plus a little manual testing are in agreement.",
      "PostedDate": "2011-01-03T13:10:36.47-08:00",
      "Id": -2147483648
    },
    {
      "Message": "",
      "PostedDate": "2011-02-04T14:34:44.013-08:00",
      "Id": -2147483648
    },
    {
      "Message": "",
      "PostedDate": "2013-02-12T19:09:23.137-08:00",
      "Id": -2147483648
    }
  ]
}