{
  "WorkItem": {
    "AffectedComponent": {
      "Name": "",
      "DisplayName": ""
    },
    "ClosedComment": "",
    "ClosedDate": null,
    "CommentCount": 0,
    "Custom": null,
    "Description": "This test checks that lastIndexVisited is one, even though the last index that is visited should be zero (since this test is checking Array.prototype.reduceRight and not Array.prototype.reduce).  The last line of the testcase function should be:\nreturn lastIndexVisited === 0;",
    "LastUpdatedDate": "2013-02-12T19:09:22.563-08:00",
    "PlannedForRelease": "",
    "ReleaseVisibleToPublic": false,
    "Priority": {
      "Name": "Low",
      "Severity": 50,
      "Id": 1
    },
    "ProjectName": "ES5conform",
    "ReportedDate": "2010-10-12T07:23:31.38-07:00",
    "Status": {
      "Name": "Proposed",
      "Id": 1
    },
    "ReasonClosed": {
      "Name": "Unassigned"
    },
    "Summary": "Test 15.4.4.22-9-1 has a copy and paste bug",
    "Type": {
      "Name": "Issue",
      "Id": 3
    },
    "VoteCount": 1,
    "Id": 29146
  },
  "FileAttachments": [],
  "Comments": [
    {
      "Message": "http://es5conform.codeplex.com/workitem/29141 has a patch that also fixes this, although I'm not sure offhand if it's fixed the way the description here suggests.",
      "PostedDate": "2011-01-01T14:36:48.373-08:00",
      "Id": -2147483648
    },
    {
      "Message": "",
      "PostedDate": "2013-02-12T19:09:22.563-08:00",
      "Id": -2147483648
    }
  ]
}