{
  "WorkItem": {
    "AffectedComponent": {
      "Name": "",
      "DisplayName": ""
    },
    "ClosedComment": "",
    "ClosedDate": null,
    "CommentCount": 0,
    "Custom": null,
    "Description": "The preconditions for tests 15.12.2-0-3 and 15.12.3-0-3 both return a function and not a boolean.\n \nFor example, in test 15.12.2-0-3 the precondition is: \"return JSON && Object.getOwnPropertyDescriptor\".  getOwnPropertyDescriptor is a function and therefore the whole expression returns a function.  Since the test driver expects \"true\" the precondition fails.  I believe that in this case the problem is that \"fnExists\" is missing and the precondition should be \"return JSON && fnExists(Object.getOwnPropertyDescriptor)\".",
    "LastUpdatedDate": "2013-02-12T19:09:25.17-08:00",
    "PlannedForRelease": "",
    "ReleaseVisibleToPublic": false,
    "Priority": {
      "Name": "Low",
      "Severity": 50,
      "Id": 1
    },
    "ProjectName": "ES5conform",
    "ReportedDate": "2010-08-16T04:13:46.243-07:00",
    "Status": {
      "Name": "Proposed",
      "Id": 1
    },
    "ReasonClosed": {
      "Name": "Unassigned"
    },
    "Summary": "The preconditions for tests 15.12.2-0-3 and 15.12.3-0-3 do not return true",
    "Type": {
      "Name": "Issue",
      "Id": 3
    },
    "VoteCount": 1,
    "Id": 28581
  },
  "FileAttachments": [],
  "Comments": [
    {
      "Message": "http://es5conform.codeplex.com/workitem/29141 has a patch that also fixes this, although the fix is slightly different from what's suggested here.",
      "PostedDate": "2011-01-01T14:50:07.397-08:00",
      "Id": -2147483648
    },
    {
      "Message": "",
      "PostedDate": "2013-02-12T19:09:25.17-08:00",
      "Id": -2147483648
    }
  ]
}