{
  "WorkItem": {
    "AffectedComponent": {
      "Name": "",
      "DisplayName": ""
    },
    "ClosedComment": "",
    "ClosedDate": "2010-08-17T14:50:38.48-07:00",
    "CommentCount": 0,
    "Custom": null,
    "Description": "Looking at 15.2.3.4 (`Object.getOwnPropertyNames` tests), I see that built-ins' own properties are considered to be those, and only those defined by ES5. In case of `Array`, for example, there's an assertion that own properties are: \"isArray\", \"prototype\", and \"length\". However, my understanding is that implementations are allowed to extend built-ins with properties beyond those defined in ES5 (e.g. based on chapter 16). If that's the case, shouldn't the test assert inclusion of those properties (\"isArray\", \"prototype\", \"length\") rather than exact equality?",
    "LastUpdatedDate": "2013-05-15T16:23:20.86-07:00",
    "PlannedForRelease": "",
    "ReleaseVisibleToPublic": false,
    "Priority": {
      "Name": "Low",
      "Severity": 50,
      "Id": 1
    },
    "ProjectName": "ES5conform",
    "ReportedDate": "2010-04-22T06:57:40.43-07:00",
    "Status": {
      "Name": "Closed",
      "Id": 4
    },
    "ReasonClosed": {
      "Name": "Unassigned"
    },
    "Summary": "`Object.getOwnPropertyNames` and built-ins",
    "Type": {
      "Name": "Issue",
      "Id": 3
    },
    "VoteCount": 2,
    "Id": 26847
  },
  "FileAttachments": [
    {
      "FileId": 10538,
      "FileName": "es5-gopn-subset.diff",
      "DownloadUrl": ".\\10538"
    }
  ],
  "Comments": [
    {
      "Message": "Good point, I couldn't agree more, the specification is open to property additions, a good example of it can be the Mozilla implementation, they introduced in JS1.6 the \"Array and String Generics\" ( http://bit.ly/bJeCiX ). \r\n\r\nEach standard method of `Array.prototype` and `String.prototype` has a corresponding \"shorthand\" method on the `Array` and `String` constructors itself, as own properties.\r\n\r\nThis was made with the intention of invoking `Array` methods on any array-like object without accessing method on the constructor's prototype and use `call` or `apply` e.g. `Array.slice(arguments);`, `Array.indexOf(obj, 1);`, etc...\r\n",
      "PostedDate": "2010-05-04T00:22:07.13-07:00",
      "Id": -2147483648
    },
    {
      "Message": "",
      "PostedDate": "2010-05-04T00:22:40.547-07:00",
      "Id": -2147483648
    },
    {
      "Message": "",
      "PostedDate": "2010-06-25T16:48:17.627-07:00",
      "Id": -2147483648
    },
    {
      "Message": "I believe this patch addresses all issues with the Object.getOwnPropertyNames tests.",
      "PostedDate": "2010-06-25T16:48:19.13-07:00",
      "Id": -2147483648
    },
    {
      "Message": "Does anyone object to me checking in the fix for this?",
      "PostedDate": "2010-08-05T12:17:36.67-07:00",
      "Id": -2147483648
    },
    {
      "Message": "since there were no objections, I checked in jwalden's patch for this today: http://es5conform.codeplex.com/SourceControl/changeset/changes/75739",
      "PostedDate": "2010-08-17T14:50:27.3-07:00",
      "Id": -2147483648
    },
    {
      "Message": "",
      "PostedDate": "2010-08-17T14:50:38.48-07:00",
      "Id": -2147483648
    },
    {
      "Message": "",
      "PostedDate": "2013-02-12T19:09:26.12-08:00",
      "Id": -2147483648
    },
    {
      "Message": "",
      "PostedDate": "2013-05-15T16:23:20.86-07:00",
      "Id": -2147483648
    }
  ]
}