{
  "WorkItem": {
    "AffectedComponent": {
      "Name": "",
      "DisplayName": ""
    },
    "ClosedComment": "",
    "ClosedDate": null,
    "CommentCount": 0,
    "Custom": null,
    "Description": "These tests (15.4.4.16-7-7, 15.4.4.17-7-7, 15.4.4.18-7-6, 15.4.4.19-8-7, 15.4.4.20-9-7, 15.4.4.21-9-7, 15.4.4.22-9-7) follow the same pattern (this is reduce) : \nfunction testcase() {\n    function callbackfn(prevVal, curVal, idx, obj) {\n        delete o.arr;\n        return prevVal + curVal;\n    }\n \n    var o = new Object;\n    o.arr = [\"1\", 2, 3, 4, 5];\n    if (o.arr.reduce(callbackfn) === \"12\") {\n        return true;\n    }\n}\n \nI think that, in this case, \"delete\" is misunderstood. The delete operator (ES5 11.4.1) calls the [[delete]] internal method (ES5 8.12.7) which removes from an object a property (if configurable). If this property happens to be an object, there is no reason that this object itself is deleted as long as a reference to this object is kept somewhere. In our case, the \"obj\" argument of callbackfn and the \"this\" keyword of reduce are both a reference to the array being traversed.\n \nFor that reason, I think that this these tests are wrong and should be removed from the test suite.",
    "LastUpdatedDate": "2013-02-12T19:09:25.71-08:00",
    "PlannedForRelease": "",
    "ReleaseVisibleToPublic": false,
    "Priority": {
      "Name": "Low",
      "Severity": 50,
      "Id": 1
    },
    "ProjectName": "ES5conform",
    "ReportedDate": "2010-04-25T20:33:20.507-07:00",
    "Status": {
      "Name": "Proposed",
      "Id": 1
    },
    "ReasonClosed": {
      "Name": "Unassigned"
    },
    "Summary": "All \"stops calling callbackfn once the array is deleted during the call\" tests are wrong",
    "Type": {
      "Name": "Issue",
      "Id": 3
    },
    "VoteCount": 2,
    "Id": 26872
  },
  "FileAttachments": [],
  "Comments": [
    {
      "Message": "http://es5conform.codeplex.com/workitem/29141 has a patch that fixes this, but by adjusting the test to pass, not by deleting it.  (I have no particular objection to deleting the test, but since it's basically written, better to coopt it for a useful purpose if possible, I think, even if it's a completely different purpose from the original one.)",
      "PostedDate": "2011-01-01T14:52:58.053-08:00",
      "Id": -2147483648
    },
    {
      "Message": "This seems a dup of 25430, fwiw.",
      "PostedDate": "2011-01-01T14:54:12.66-08:00",
      "Id": -2147483648
    },
    {
      "Message": "",
      "PostedDate": "2013-02-12T19:09:25.71-08:00",
      "Id": -2147483648
    }
  ]
}