{
  "WorkItem": {
    "AffectedComponent": {
      "Name": "",
      "DisplayName": ""
    },
    "ClosedComment": "",
    "ClosedDate": null,
    "CommentCount": 0,
    "Custom": null,
    "Description": "The spec does not allow octal escape sequences within strict mode code.  Test 7.8.4-1-s is designed to check this - however, I believe it fails to do so.\n \nThe code in question is this: eval(' \"asterisk: \\052\"; \"use strict\";');\n \nThe eval function takes a single string and by the time it reaches that point, the escape sequences have been eliminated.  Thus the octal escape sequence appears *outside* strict mode code (i.e. in the context of the testcase function) and thus it should be allowed.\n \nAlso debatable is whether octal escape sequences should be disallowed before the \"use strict\" directive is encountered.  This seems like it would require the lexer to do a second pass over the code solely to resolve escape sequences.",
    "LastUpdatedDate": "2013-02-12T19:09:25.533-08:00",
    "PlannedForRelease": "",
    "ReleaseVisibleToPublic": false,
    "Priority": {
      "Name": "Low",
      "Severity": 50,
      "Id": 1
    },
    "ProjectName": "ES5conform",
    "ReportedDate": "2010-08-16T03:52:10.63-07:00",
    "Status": {
      "Name": "Proposed",
      "Id": 1
    },
    "ReasonClosed": {
      "Name": "Unassigned"
    },
    "Summary": "Test 7.8.4-1-s does not correctly check whether octal escape sequences are allowed",
    "Type": {
      "Name": "Issue",
      "Id": 3
    },
    "VoteCount": 2,
    "Id": 28578
  },
  "FileAttachments": [],
  "Comments": [
    {
      "Message": "http://es5conform.codeplex.com/workitem/29141 has a patch that also fixes this.\r\n\r\nI proposed a fix for your suggestion (directives must not contain escapes, ergo \"\\052\"; \"use strict\"; would not enter strict mode and require reparsing, or carrying seen-octal state forward when parsing the directive prologue -- SpiderMonkey does the latter because it eagerly throws away source) to the es5-discuss list, but discussion fizzled, and eventually I became fed up on waiting for a definitive yes/no as to making that change and just implemented what the spec requires in SpiderMonkey.  https://bugzilla.mozilla.org/show_bug.cgi?id=601262 and https://mail.mozilla.org/pipermail/es5-discuss/2010-October/003745.html are the relevant bug and mailing list discussion.  I'd still love it if the spec eliminated the need for this pedantry and reparsing!",
      "PostedDate": "2011-01-01T15:01:30.647-08:00",
      "Id": -2147483648
    },
    {
      "Message": "",
      "PostedDate": "2011-02-04T14:36:30.467-08:00",
      "Id": -2147483648
    },
    {
      "Message": "We should commit the relevant part of the patch attached to http://es5conform.codeplex.com/workitem/29141.",
      "PostedDate": "2011-02-04T14:36:48.23-08:00",
      "Id": -2147483648
    },
    {
      "Message": "",
      "PostedDate": "2013-02-12T19:09:25.533-08:00",
      "Id": -2147483648
    }
  ]
}