{
  "WorkItem": {
    "AffectedComponent": {
      "Name": "",
      "DisplayName": ""
    },
    "ClosedComment": "",
    "ClosedDate": null,
    "CommentCount": 0,
    "Custom": null,
    "Description": "In the 15.4.4.19-8-c-ii-1 test of the 0.2a release, the following can be found : \nsrcArr[999999] = -6.6;\n \nIn an ECMAScript 3 compliant implementation trying to implement map, this test is very long. The 999999 constant doesn't seems to have a relevant semantics. Could this value lowered to something smaller (15 ?) ?",
    "LastUpdatedDate": "2013-02-12T19:09:26.287-08:00",
    "PlannedForRelease": "",
    "ReleaseVisibleToPublic": false,
    "Priority": {
      "Name": "Low",
      "Severity": 50,
      "Id": 1
    },
    "ProjectName": "ES5conform",
    "ReportedDate": "2010-04-21T23:52:24.973-07:00",
    "Status": {
      "Name": "Proposed",
      "Id": 1
    },
    "ReasonClosed": {
      "Name": "Unassigned"
    },
    "Summary": "High constant in 15.4.4.19-8-c-ii-1 causes low performance during testing",
    "Type": {
      "Name": "Issue",
      "Id": 3
    },
    "VoteCount": 1,
    "Id": 26839
  },
  "FileAttachments": [],
  "Comments": []
}