{
  "WorkItem": {
    "AffectedComponent": {
      "Name": "Simple Test Harness",
      "DisplayName": "Simple Test Harness"
    },
    "ClosedComment": "",
    "ClosedDate": null,
    "CommentCount": 0,
    "Custom": null,
    "Description": "Helper functions used by tests should be hard coded in the test driver.  This makes tests dependent upon the driver and requires that the driver be modified everytime the a helper function is added.   Instead, helper functions should be defined in individyual files like the tests themselves and identified by the test builder. Helper function definitions would be similar to test registration but use a call like ES5Harness.registerHelper(<obj lit>)\n \nRather than being global names, individual helpers should probably  be accessed via the test case object that is passed as the this value to individual tests. so the current fnExists(someObject) calls could look like this.helpers.exists(someObject).\n \nIf we wanted to get fancy helpers could even be categoried into groups and individual tests might have a property that identifiers which groups of helper are to be imported by the test. I'm not sure we need to go this far.",
    "LastUpdatedDate": "2013-02-12T19:09:27.957-08:00",
    "PlannedForRelease": "",
    "ReleaseVisibleToPublic": false,
    "Priority": {
      "Name": "Low",
      "Severity": 50,
      "Id": 1
    },
    "ProjectName": "ES5conform",
    "ReportedDate": "2009-09-12T16:52:56.387-07:00",
    "Status": {
      "Name": "Proposed",
      "Id": 1
    },
    "ReasonClosed": {
      "Name": "Unassigned"
    },
    "Summary": "Helper functions shouldn't be built into test harness",
    "Type": {
      "Name": "Feature",
      "Id": 1
    },
    "VoteCount": 1,
    "Id": 24626
  },
  "FileAttachments": [],
  "Comments": []
}