{
  "WorkItem": {
    "AffectedComponent": {
      "Name": "",
      "DisplayName": ""
    },
    "ClosedComment": "",
    "ClosedDate": null,
    "CommentCount": 0,
    "Custom": null,
    "Description": "Tests 12.2.1-1-s to 12.2.1-10-s all expect that declaring a variable called \"eval\" will throw an EvalError.  This is not correct - the spec states that SyntaxError should be thrown instead.",
    "LastUpdatedDate": "2013-02-12T19:09:23.847-08:00",
    "PlannedForRelease": "",
    "ReleaseVisibleToPublic": false,
    "Priority": {
      "Name": "Low",
      "Severity": 50,
      "Id": 1
    },
    "ProjectName": "ES5conform",
    "ReportedDate": "2010-10-06T02:29:54.077-07:00",
    "Status": {
      "Name": "Proposed",
      "Id": 1
    },
    "ReasonClosed": {
      "Name": "Unassigned"
    },
    "Summary": "Tests 12.2.1-1-s to 12.2.1-10-s expect an EvalError when it should be a SyntaxError",
    "Type": {
      "Name": "Issue",
      "Id": 3
    },
    "VoteCount": 1,
    "Id": 29089
  },
  "FileAttachments": [],
  "Comments": [
    {
      "Message": "http://es5conform.codeplex.com/workitem/29141 has a patch that also fixes this.",
      "PostedDate": "2011-01-01T14:39:39.48-08:00",
      "Id": -2147483648
    },
    {
      "Message": "",
      "PostedDate": "2013-02-12T19:09:23.847-08:00",
      "Id": -2147483648
    }
  ]
}