{
  "WorkItem": {
    "AffectedComponent": {
      "Name": "",
      "DisplayName": ""
    },
    "ClosedComment": "not a  bug, see previous comment",
    "ClosedDate": "2009-09-12T12:08:26.2-07:00",
    "CommentCount": 0,
    "Custom": null,
    "Description": "These tests pass undefined and null as the first argument to a function's call method. However, 10.4.3 step 2 of the spec says that if thisArg is undefined or null, use the global object as the this binding.\n \nIn order for these tests to work as written, they must be run in strict mode.",
    "LastUpdatedDate": "2013-05-15T16:23:22.31-07:00",
    "PlannedForRelease": "",
    "ReleaseVisibleToPublic": false,
    "Priority": {
      "Name": "Low",
      "Severity": 50,
      "Id": 1
    },
    "ProjectName": "ES5conform",
    "ReportedDate": "2009-07-29T13:49:09.73-07:00",
    "Status": {
      "Name": "Closed",
      "Id": 4
    },
    "ReasonClosed": {
      "Name": "Unassigned"
    },
    "Summary": "Tests 15.5.4.20-1-1 and 15.5.4.20-1-2 are checking the global object, not undefined and null",
    "Type": {
      "Name": "Issue",
      "Id": 3
    },
    "VoteCount": 1,
    "Id": 24160
  },
  "FileAttachments": [],
  "Comments": [
    {
      "Message": "No, these tests are fine.  the code in question is: String.prototype.trim.call(undefined).\r\n\r\nThe implementation of trim might have to be in strict mode but not the test.\r\n\r\nIn ES5 the call function passes  the this argument without coverting null or undefined to the global object.  See 15.3.4.4.  Because, trim is a built-in function that probably isn't implemented using ECMAScript code it does not (necessarily) go through the steps of 10.4.3 when called.  However, if it is implemented using ECMAScript code then that must be strict code in order to ensure that undefined/null passed as the this value are not converted to the global object.\r\n\r\n",
      "PostedDate": "2009-09-12T12:07:47.333-07:00",
      "Id": -2147483648
    },
    {
      "Message": "",
      "PostedDate": "2009-09-12T12:08:26.2-07:00",
      "Id": -2147483648
    },
    {
      "Message": "",
      "PostedDate": "2013-02-12T19:09:28.87-08:00",
      "Id": -2147483648
    },
    {
      "Message": "",
      "PostedDate": "2013-05-15T16:23:22.31-07:00",
      "Id": -2147483648
    }
  ]
}