{
  "WorkItem": {
    "AffectedComponent": {
      "Name": "",
      "DisplayName": ""
    },
    "ClosedComment": "",
    "ClosedDate": null,
    "CommentCount": 0,
    "Custom": null,
    "Description": "The test 15.4.4.17-8-10 checks that the length property is honoured correctly by Array.prototype.some.  Unfortunately the callback function mixes up \"return false\" and \"return true\" and so the call to Array.prototype.some always returns true.  The callback function should be:\n \nif(val > 2)\n  return true;\nelse\n  return false;",
    "LastUpdatedDate": "2013-02-12T19:09:22.757-08:00",
    "PlannedForRelease": "",
    "ReleaseVisibleToPublic": false,
    "Priority": {
      "Name": "Low",
      "Severity": 50,
      "Id": 1
    },
    "ProjectName": "ES5conform",
    "ReportedDate": "2010-10-12T06:20:45.11-07:00",
    "Status": {
      "Name": "Proposed",
      "Id": 1
    },
    "ReasonClosed": {
      "Name": "Unassigned"
    },
    "Summary": "Test 15.4.4.17-8-10 mistakenly switches true and false around",
    "Type": {
      "Name": "Issue",
      "Id": 3
    },
    "VoteCount": 1,
    "Id": 29144
  },
  "FileAttachments": [],
  "Comments": [
    {
      "Message": "http://es5conform.codeplex.com/workitem/29141 has a patch that also fixes this, although I'm not sure offhand if it's fixed the way the description here suggests.",
      "PostedDate": "2011-01-01T14:37:15.51-08:00",
      "Id": -2147483648
    },
    {
      "Message": "",
      "PostedDate": "2013-02-12T19:09:22.757-08:00",
      "Id": -2147483648
    }
  ]
}