{
  "WorkItem": {
    "AffectedComponent": {
      "Name": "",
      "DisplayName": ""
    },
    "ClosedComment": "",
    "ClosedDate": null,
    "CommentCount": 0,
    "Custom": null,
    "Description": "Array.isArray has been added in ES5. There is no reason to assume that a partial ES5 implementation implements it.\nI'd recommend to add a precondition to these tests : fnExists(Array.isArray)",
    "LastUpdatedDate": "2013-02-12T19:09:25.907-08:00",
    "PlannedForRelease": "",
    "ReleaseVisibleToPublic": false,
    "Priority": {
      "Name": "Low",
      "Severity": 50,
      "Id": 1
    },
    "ProjectName": "ES5conform",
    "ReportedDate": "2010-04-23T16:43:35.443-07:00",
    "Status": {
      "Name": "Proposed",
      "Id": 1
    },
    "ReasonClosed": {
      "Name": "Unassigned"
    },
    "Summary": "15.4.4.19-5-7 and 15.4.4.19-5-8 make use of Array.isArray without checkink them as preconditions",
    "Type": {
      "Name": "Issue",
      "Id": 3
    },
    "VoteCount": 1,
    "Id": 26864
  },
  "FileAttachments": [],
  "Comments": [
    {
      "Message": "Idem with test 15.4.4.19-8-c-iii-1 which assumes existence of getOwnPropertyDescriptor",
      "PostedDate": "2010-04-23T16:47:36.007-07:00",
      "Id": -2147483648
    },
    {
      "Message": "",
      "PostedDate": "2013-02-12T19:09:25.907-08:00",
      "Id": -2147483648
    }
  ]
}