{
  "WorkItem": {
    "AffectedComponent": {
      "Name": "",
      "DisplayName": ""
    },
    "ClosedComment": "",
    "ClosedDate": null,
    "CommentCount": 0,
    "Custom": null,
    "Description": "I had to run dos2unix to get this to work on Mac OS 10.5",
    "LastUpdatedDate": "2013-02-12T19:09:27.61-08:00",
    "PlannedForRelease": "",
    "ReleaseVisibleToPublic": false,
    "Priority": {
      "Name": "Low",
      "Severity": 50,
      "Id": 1
    },
    "ProjectName": "ES5conform",
    "ReportedDate": "2009-10-16T14:00:18.337-07:00",
    "Status": {
      "Name": "Proposed",
      "Id": 1
    },
    "ReasonClosed": {
      "Name": "Unassigned"
    },
    "Summary": "build_shell.sh uses windows line endings",
    "Type": {
      "Name": "Issue",
      "Id": 3
    },
    "VoteCount": 2,
    "Id": 24951
  },
  "FileAttachments": [
    {
      "FileId": 9156,
      "FileName": "build_shell.patch",
      "DownloadUrl": ".\\9156"
    }
  ],
  "Comments": []
}