{
  "WorkItem": {
    "AffectedComponent": {
      "Name": "Infrastructure",
      "DisplayName": "Infrastructure"
    },
    "ClosedComment": "",
    "ClosedDate": null,
    "CommentCount": 0,
    "Custom": null,
    "Description": "The current test driver requires that the tests run within a browser.  We need to generate a test driver that works with non-browser standalone ECMAScript implementations.",
    "LastUpdatedDate": "2013-02-12T19:09:30.57-08:00",
    "PlannedForRelease": "",
    "ReleaseVisibleToPublic": false,
    "Priority": {
      "Name": "Medium",
      "Severity": 100,
      "Id": 2
    },
    "ProjectName": "ES5conform",
    "ReportedDate": "2009-06-27T12:47:52.853-07:00",
    "Status": {
      "Name": "Proposed",
      "Id": 1
    },
    "ReasonClosed": {
      "Name": "Unassigned"
    },
    "Summary": "Need standalone test driver",
    "Type": {
      "Name": "Feature",
      "Id": 1
    },
    "VoteCount": 5,
    "Id": 23271
  },
  "FileAttachments": [],
  "Comments": [
    {
      "Message": "1. jsc.exe from Webkit JavaScriptCore\r\n2. v8.exe from Google\r\n3. jslibs/jshost (console tracemonkey+jit)",
      "PostedDate": "2009-07-11T21:53:05.967-07:00",
      "Id": -2147483648
    },
    {
      "Message": "",
      "PostedDate": "2009-09-15T07:32:53.367-07:00",
      "Id": -2147483648
    },
    {
      "Message": "",
      "PostedDate": "2009-09-30T17:18:52.66-07:00",
      "Id": -2147483648
    },
    {
      "Message": "",
      "PostedDate": "2009-12-07T09:08:11.14-08:00",
      "Id": -2147483648
    },
    {
      "Message": "As part of our work on Ecmascript Harmony, we created a bunch of unit tests that live at hg.ecmascript.org. We decided to write these tests using the same structure as those of this project. To run these tests from the console, I created a simple console-based testrunner that will also run this ES5 Conformance test suite.\r\n\r\nThe relevant files can be found here:\r\nhttp://hg.ecmascript.org/tests/harmony/file/819f897e610f/proxies\r\n\r\nTo run the ES5 conformance test suite, copy the 'gentests' script and the 'consolerunner.js' files to the ES5Conform directory, then run the 'gentests' shell script to generate a javascript file that will load and execute all *.js files in the TestCases directory. Then run the generated javascript file with your favorite headless JS executable.\r\nFor example:\r\ngentests > runtests.js && v8 runtests.js\r\n\r\nI tested this runner with rhino, v8 and spidermonkey.\r\n\r\nIf anybody wants to translate the 'gentests' script into a .bat script, that would be nice.\r\nAlso, the files are licensed under the same BSD license as this project, so there should be no licensing issues.",
      "PostedDate": "2010-03-18T14:49:03.947-07:00",
      "Id": -2147483648
    },
    {
      "Message": "",
      "PostedDate": "2013-02-12T19:09:30.57-08:00",
      "Id": -2147483648
    }
  ]
}