{
  "WorkItem": {
    "AffectedComponent": {
      "Name": "",
      "DisplayName": ""
    },
    "ClosedComment": "",
    "ClosedDate": null,
    "CommentCount": 0,
    "Custom": null,
    "Description": "The test 15.2.3.3-4-188 checks that getOwnPropertyDescriptor returns undefined for a property that does not exist.  However, the property it checks (Function.prototype.name) - while non-standard - is implemented in Firefox and Chrome (and probably others).  The standard does not prohibit extensions like this; please choose a property name that is less likely to actually exist (how about Function.prototype.foobar?).",
    "LastUpdatedDate": "2013-02-12T19:09:24.963-08:00",
    "PlannedForRelease": "",
    "ReleaseVisibleToPublic": false,
    "Priority": {
      "Name": "Low",
      "Severity": 50,
      "Id": 1
    },
    "ProjectName": "ES5conform",
    "ReportedDate": "2010-08-16T17:49:51.883-07:00",
    "Status": {
      "Name": "Proposed",
      "Id": 1
    },
    "ReasonClosed": {
      "Name": "Unassigned"
    },
    "Summary": "The test 15.2.3.3-4-188 assumes Function.prototype.name does not exist",
    "Type": {
      "Name": "Issue",
      "Id": 3
    },
    "VoteCount": 1,
    "Id": 28594
  },
  "FileAttachments": [],
  "Comments": []
}