{
  "WorkItem": {
    "AffectedComponent": {
      "Name": "",
      "DisplayName": ""
    },
    "ClosedComment": "",
    "ClosedDate": null,
    "CommentCount": 0,
    "Custom": null,
    "Description": "The test 11.13.1-1-7-s asserts in the description that \"this\" is undefined.  This is incorrect; the \"this\" keyword is set to the test object.",
    "LastUpdatedDate": "2013-02-12T19:09:22.217-08:00",
    "PlannedForRelease": "",
    "ReleaseVisibleToPublic": false,
    "Priority": {
      "Name": "Low",
      "Severity": 50,
      "Id": 1
    },
    "ProjectName": "ES5conform",
    "ReportedDate": "2010-10-12T16:24:51.723-07:00",
    "Status": {
      "Name": "Proposed",
      "Id": 1
    },
    "ReasonClosed": {
      "Name": "Unassigned"
    },
    "Summary": "Test 11.13.1-1-7-s assumes the \"this\" keyword is undefined",
    "Type": {
      "Name": "Issue",
      "Id": 3
    },
    "VoteCount": 2,
    "Id": 29152
  },
  "FileAttachments": [],
  "Comments": []
}