{
  "WorkItem": {
    "AffectedComponent": {
      "Name": "",
      "DisplayName": ""
    },
    "ClosedComment": "fixed in changeset 58906&#59;",
    "ClosedDate": "2009-09-12T16:37:38.06-07:00",
    "CommentCount": 0,
    "Custom": null,
    "Description": "Test 15.10.7.5-2 expects the lastIndex property to be non-writable, however the Note under 15.10.7.5 specifies that it is writable.",
    "LastUpdatedDate": "2013-05-15T16:23:22.81-07:00",
    "PlannedForRelease": "",
    "ReleaseVisibleToPublic": false,
    "Priority": {
      "Name": "Low",
      "Severity": 50,
      "Id": 1
    },
    "ProjectName": "ES5conform",
    "ReportedDate": "2009-07-29T12:01:20.273-07:00",
    "Status": {
      "Name": "Closed",
      "Id": 4
    },
    "ReasonClosed": {
      "Name": "Unassigned"
    },
    "Summary": "RegExp instances' lastIndex property is writable",
    "Type": {
      "Name": "Issue",
      "Id": 3
    },
    "VoteCount": 1,
    "Id": 24156
  },
  "FileAttachments": [],
  "Comments": []
}