{
  "WorkItem": {
    "AffectedComponent": {
      "Name": "",
      "DisplayName": ""
    },
    "ClosedComment": "",
    "ClosedDate": null,
    "CommentCount": 0,
    "Custom": null,
    "Description": "It seems tests\n15.4.4.16-7-1\n15.4.4.17-7-1\nare testing the wrong thing.\n \nThe test description for 15.4.4.16-7-1 is \"Array.prototype.every doesn't consider new elements added to the array after the call\".\n \nHowever, in the tests as they stand, an existing array element is being changed, rather than a new one being appended, so the changed element should be visited by the callback function.\n \nAccording to 15.4.4.16 of the spec:\n \n\"Elements which are appended to the array after the call to every begins will not be visited by callbackfn. If existing elements of the array are changed, their value as passed to callbackfn will be the value at the time every visits them;...\"\n \nThe same goes for 15.4.4.17-7-1 with Array.prototype.some.\n \nTest 15.4.4.20-9-1 (for Array.prototype.filter) is testing two things at once. One is whether members appended to the array during iteration are visited by the callback function, and the other is whether existing members that are changed during iteration are visited. The first criterion should be false but the second should be true. This test expects them both to be false.\n \nTests 15.4.4.21-9-1, 15.4.4.22-9-1 (for reduce and reduceRight) have the same issue.",
    "LastUpdatedDate": "2013-02-12T19:09:27.413-08:00",
    "PlannedForRelease": "",
    "ReleaseVisibleToPublic": false,
    "Priority": {
      "Name": "Low",
      "Severity": 50,
      "Id": 1
    },
    "ProjectName": "ES5conform",
    "ReportedDate": "2009-11-22T22:34:20.64-08:00",
    "Status": {
      "Name": "Proposed",
      "Id": 1
    },
    "ReasonClosed": {
      "Name": "Unassigned"
    },
    "Summary": "Array iteration methods should visit existing elements",
    "Type": {
      "Name": "Issue",
      "Id": 3
    },
    "VoteCount": 2,
    "Id": 25429
  },
  "FileAttachments": [],
  "Comments": []
}