{
  "WorkItem": {
    "AffectedComponent": {
      "Name": "",
      "DisplayName": ""
    },
    "ClosedComment": "",
    "ClosedDate": null,
    "CommentCount": 0,
    "Custom": null,
    "Description": "The tests 11.13.1-4-2-s, 11.13.1-4-3-s, 11.13.1-4-4-s, 11.13.1-4-27-s all test whether an attempt to set a read-only property fails with a TypeError in strict mode.  However, they all assume that the this value is the global object.  This is not the case - the test runner sets the this value to the test object.  Therefore the properties that they modify do not exist and thus there is no error.  The global object can be retrieved using the fnGlobalObject function.\n \nAdditionally, test 11.13.1-4-4-s seems to assume that Global.length is a read-only property.  As far as I can tell this property is not in the spec.",
    "LastUpdatedDate": "2013-02-12T19:09:24.22-08:00",
    "PlannedForRelease": "",
    "ReleaseVisibleToPublic": false,
    "Priority": {
      "Name": "Low",
      "Severity": 50,
      "Id": 1
    },
    "ProjectName": "ES5conform",
    "ReportedDate": "2010-10-06T00:59:59.613-07:00",
    "Status": {
      "Name": "Proposed",
      "Id": 1
    },
    "ReasonClosed": {
      "Name": "Unassigned"
    },
    "Summary": "Tests 11.13.1-4-2-s, 11.13.1-4-3-s, 11.13.1-4-4-s, 11.13.1-4-27-s do not get the global object correctly",
    "Type": {
      "Name": "Issue",
      "Id": 3
    },
    "VoteCount": 2,
    "Id": 29087
  },
  "FileAttachments": [],
  "Comments": []
}