{
  "WorkItem": {
    "AffectedComponent": {
      "Name": "",
      "DisplayName": ""
    },
    "ClosedComment": "Not a bug",
    "ClosedDate": "2010-04-04T22:05:19.387-07:00",
    "CommentCount": 0,
    "Custom": null,
    "Description": "Tests affected: 15.5.4.20-1-1, 15.5.4.20-1-2, 15.4.4.14-1-1, 15.4.4.14-1-2\n \nfn.call(undefined)\nand\nfn.call(null)\n \nDo not actually call fn with undefined or null as the this-binding. \n \nAs per 10.4.3 step 2, a thisArg of undefined or null will cause the actual this-binding used during function execution to be the global object, unless in strict mode",
    "LastUpdatedDate": "2013-05-15T16:23:21.76-07:00",
    "PlannedForRelease": "",
    "ReleaseVisibleToPublic": false,
    "Priority": {
      "Name": "Low",
      "Severity": 50,
      "Id": 1
    },
    "ProjectName": "ES5conform",
    "ReportedDate": "2009-11-29T22:19:35.39-08:00",
    "Status": {
      "Name": "Closed",
      "Id": 4
    },
    "ReasonClosed": {
      "Name": "Unassigned"
    },
    "Summary": "Can't call functions with null or undefined as the this-binding unless in strict mode",
    "Type": {
      "Name": "Issue",
      "Id": 3
    },
    "VoteCount": 1,
    "Id": 25472
  },
  "FileAttachments": [],
  "Comments": [
    {
      "Message": "No, 10.4.3 does not apply to built-in functions (see definition of \"Function code\" in 10.1.\r\n\r\nIn ES5 null and undefined are passed into built-ins without conversions to the global object.  This is because some built-in functions could be used to reveal the global object.\r\n\r\nThe tests mentioned are correct for that reason.",
      "PostedDate": "2010-04-04T22:04:13.913-07:00",
      "Id": -2147483648
    },
    {
      "Message": "",
      "PostedDate": "2010-04-04T22:05:19.387-07:00",
      "Id": -2147483648
    },
    {
      "Message": "",
      "PostedDate": "2013-02-12T19:09:27.027-08:00",
      "Id": -2147483648
    },
    {
      "Message": "",
      "PostedDate": "2013-05-15T16:23:21.76-07:00",
      "Id": -2147483648
    }
  ]
}