{
  "WorkItem": {
    "AffectedComponent": {
      "Name": "",
      "DisplayName": ""
    },
    "ClosedComment": "fixed in changeset 58906&#59;",
    "ClosedDate": "2009-09-12T16:38:08.95-07:00",
    "CommentCount": 0,
    "Custom": null,
    "Description": "Test 15.2.3.3-4-181 checks the descriptor on the global object's length property, but 15.1.1 of the spec does not specify any such property.",
    "LastUpdatedDate": "2013-05-15T16:23:22.19-07:00",
    "PlannedForRelease": "",
    "ReleaseVisibleToPublic": false,
    "Priority": {
      "Name": "Low",
      "Severity": 50,
      "Id": 1
    },
    "ProjectName": "ES5conform",
    "ReportedDate": "2009-07-29T13:59:34.19-07:00",
    "Status": {
      "Name": "Closed",
      "Id": 4
    },
    "ReasonClosed": {
      "Name": "Unassigned"
    },
    "Summary": "the global object does not have a length property",
    "Type": {
      "Name": "Issue",
      "Id": 3
    },
    "VoteCount": 1,
    "Id": 24161
  },
  "FileAttachments": [],
  "Comments": []
}