{
  "WorkItem": {
    "AffectedComponent": {
      "Name": "",
      "DisplayName": ""
    },
    "ClosedComment": "",
    "ClosedDate": null,
    "CommentCount": 0,
    "Custom": null,
    "Description": "The tests 11.4.1-5-1-s, 11.4.1-5-2-s and 11.4.1-5-3-s all assume that deleting a variable in strict mode produces a ReferenceError exception.  Section 11.4.1 of the specification contradicts this as it specifies a SyntaxError should be thrown instead.",
    "LastUpdatedDate": "2013-02-12T19:09:24.59-08:00",
    "PlannedForRelease": "",
    "ReleaseVisibleToPublic": false,
    "Priority": {
      "Name": "Low",
      "Severity": 50,
      "Id": 1
    },
    "ProjectName": "ES5conform",
    "ReportedDate": "2010-10-05T16:03:02.38-07:00",
    "Status": {
      "Name": "Proposed",
      "Id": 1
    },
    "ReasonClosed": {
      "Name": "Unassigned"
    },
    "Summary": "Deleting a variable in strict mode produces a SyntaxError, not a ReferenceError (tests 11.4.1-5-1-s, 11.4.1-5-2-s, 11.4.1-5-3-s)",
    "Type": {
      "Name": "Issue",
      "Id": 3
    },
    "VoteCount": 3,
    "Id": 29084
  },
  "FileAttachments": [],
  "Comments": [
    {
      "Message": "I should also note that SyntaxErrors are early errors and thus cannot be caught without using eval().",
      "PostedDate": "2010-10-05T16:50:20.707-07:00",
      "Id": -2147483648
    },
    {
      "Message": "",
      "PostedDate": "2010-12-07T09:05:20.39-08:00",
      "Id": -2147483648
    },
    {
      "Message": "http://es5conform.codeplex.com/workitem/29141 has a patch that fixes many test suite issues but doesn't address this, because there's a somewhat colorable case that this is not necessarily an early error, and I haven't taken it to es5-discuss yet.  But it's worth noting here that SpiderMonkey and (soon, I believe) Nitro will implement this as an early error, even if perhaps that shouldn't play into the calculation of whether these tests should or shouldn't change.",
      "PostedDate": "2011-01-01T14:44:39.087-08:00",
      "Id": -2147483648
    },
    {
      "Message": "For the record, my reasoning for believing it is an early error is as follows:\r\n* Section 11.4.1 step 5 indicates that deleting a variable in strict mode is a SyntaxError.\r\n* Section 16 says an implementation must treat any syntax error as an early error.\r\nSeems pretty straightforward to me.",
      "PostedDate": "2011-01-01T22:20:56.773-08:00",
      "Id": -2147483648
    },
    {
      "Message": "The colorable case involves a host object with a [[HasProperty]] hook that has side effects or may throw an exception other than a SyntaxError, then supplied as the object for a with clause, thus making the SyntaxError for deleting a name potentially not reachable if the delete expression is reached at runtime.  ES6's proposed proxy specification would enable creation of such an object.  The spec says, \"An early error is an error that can be detected and reported prior to the evaluation of any construct in the Program containing the error.\"  \"can be detected and reported prior to...\" is arguably under-defined enough to permit the host object snafu.  As I said, I don't like this case, and I think it worth killing.  But there is a case that deleting a name is not an early error.",
      "PostedDate": "2011-01-03T13:12:48.057-08:00",
      "Id": -2147483648
    },
    {
      "Message": "I sent that es5-discuss mail:\r\n\r\nhttps://mail.mozilla.org/pipermail/es5-discuss/2011-January/003862.html",
      "PostedDate": "2011-01-03T14:29:24.74-08:00",
      "Id": -2147483648
    },
    {
      "Message": "",
      "PostedDate": "2011-02-13T11:26:10.04-08:00",
      "Id": -2147483648
    },
    {
      "Message": "",
      "PostedDate": "2013-02-12T19:09:24.59-08:00",
      "Id": -2147483648
    }
  ]
}