{
  "WorkItem": {
    "AffectedComponent": {
      "Name": "",
      "DisplayName": ""
    },
    "ClosedComment": "",
    "ClosedDate": null,
    "CommentCount": 0,
    "Custom": null,
    "Description": "The test 12.14-5 declares a function (foo) inside a catch block.  While permitted by some JS engines, the ES5 grammar does not permit this.  Change the function declaration to a function expression (\"foo = function() {}\") to fix the problem.",
    "LastUpdatedDate": "2013-02-12T19:09:25.347-08:00",
    "PlannedForRelease": "",
    "ReleaseVisibleToPublic": false,
    "Priority": {
      "Name": "Low",
      "Severity": 50,
      "Id": 1
    },
    "ProjectName": "ES5conform",
    "ReportedDate": "2010-08-16T04:06:24.71-07:00",
    "Status": {
      "Name": "Proposed",
      "Id": 1
    },
    "ReasonClosed": {
      "Name": "Unassigned"
    },
    "Summary": "Test 12.14-5 declares a function inside a catch block - the spec disallows this",
    "Type": {
      "Name": "Issue",
      "Id": 3
    },
    "VoteCount": 1,
    "Id": 28580
  },
  "FileAttachments": [],
  "Comments": []
}