{
  "WorkItem": {
    "AffectedComponent": {
      "Name": "",
      "DisplayName": ""
    },
    "ClosedComment": "",
    "ClosedDate": null,
    "CommentCount": 0,
    "Custom": null,
    "Description": "these test's\n  catch (e) { e instanceof SyntaxError }\n \nis no return value.\nshould be\n  catch (e) { return e instanceof SyntaxError }",
    "LastUpdatedDate": "2013-02-12T19:09:21.81-08:00",
    "PlannedForRelease": "",
    "ReleaseVisibleToPublic": false,
    "Priority": {
      "Name": "Low",
      "Severity": 50,
      "Id": 1
    },
    "ProjectName": "ES5conform",
    "ReportedDate": "2010-12-07T09:11:16.68-08:00",
    "Status": {
      "Name": "Proposed",
      "Id": 1
    },
    "ReasonClosed": {
      "Name": "Unassigned"
    },
    "Summary": "13.1-3-3-s to 13.1-3-12s should have return statement",
    "Type": {
      "Name": "Issue",
      "Id": 3
    },
    "VoteCount": 1,
    "Id": 29680
  },
  "FileAttachments": [],
  "Comments": [
    {
      "Message": "Duplicate of issue #29100",
      "PostedDate": "2010-12-07T17:10:56.177-08:00",
      "Id": -2147483648
    },
    {
      "Message": "",
      "PostedDate": "2013-02-12T19:09:21.81-08:00",
      "Id": -2147483648
    }
  ]
}