{
  "WorkItem": {
    "AffectedComponent": {
      "Name": "",
      "DisplayName": ""
    },
    "ClosedComment": "",
    "ClosedDate": null,
    "CommentCount": 0,
    "Custom": null,
    "Description": "In 15.2.3.5 there's a check for `Object.create(0)` throwing TypeError, but there's no assertion for `Object.create(null, { ... })` creating an object with [[Prototype]] --> null.",
    "LastUpdatedDate": "2013-02-12T19:09:26.46-08:00",
    "PlannedForRelease": "",
    "ReleaseVisibleToPublic": false,
    "Priority": {
      "Name": "Low",
      "Severity": 50,
      "Id": 1
    },
    "ProjectName": "ES5conform",
    "ReportedDate": "2010-03-18T12:37:02.033-07:00",
    "Status": {
      "Name": "Proposed",
      "Id": 1
    },
    "ReasonClosed": {
      "Name": "Unassigned"
    },
    "Summary": "Test for `Object.create` accepting `null` as a first argument",
    "Type": {
      "Name": "Issue",
      "Id": 3
    },
    "VoteCount": 1,
    "Id": 26506
  },
  "FileAttachments": [],
  "Comments": []
}