[
  {
    "Id": 23269,
    "Title": "Generate test.html on non-Windows platform"
  },
  {
    "Id": 23270,
    "Title": "Properly Sort test result report"
  },
  {
    "Id": 23271,
    "Title": "Need standalone test driver"
  },
  {
    "Id": 23495,
    "Title": "use === instead of == in the replacer function in 15.12.3@2-3-a-* tests"
  },
  {
    "Id": 23542,
    "Title": "tests for Object.getOwnPropertyDescriptor on the global object aren't actually testing the global object"
  },
  {
    "Id": 23579,
    "Title": "String, Number and Boolean prototypes no longer have toJSON method"
  },
  {
    "Id": 23646,
    "Title": "remove tests for String.prototype.trim of <NEL> and <ZWSP> chars"
  },
  {
    "Id": 24156,
    "Title": "RegExp instances' lastIndex property is writable"
  },
  {
    "Id": 24157,
    "Title": "Test 15.7.3.1-2 is checking the wrong things"
  },
  {
    "Id": 24158,
    "Title": "Test 15.7.3.1-3 gets the descriptor when it means to get the value"
  },
  {
    "Id": 24159,
    "Title": "Tests 15.5.5.5.2-3-5 and 15.5.5.5.2-3-8 test for truthiness, not undefined"
  },
  {
    "Id": 24160,
    "Title": "Tests 15.5.4.20-1-1 and 15.5.4.20-1-2 are checking the global object, not undefined and null"
  },
  {
    "Id": 24161,
    "Title": "the global object does not have a length property"
  },
  {
    "Id": 24209,
    "Title": "with-blocks do not create a new execution context"
  },
  {
    "Id": 24211,
    "Title": "catch-blocks do not create a new execution context"
  },
  {
    "Id": 24626,
    "Title": "Helper functions shouldn't be built into test harness"
  },
  {
    "Id": 24770,
    "Title": "Test 15.12.1.1-g2-3 is incorrect"
  },
  {
    "Id": 24951,
    "Title": "build_shell.sh uses windows line endings"
  },
  {
    "Id": 25429,
    "Title": "Array iteration methods should visit existing elements"
  },
  {
    "Id": 25430,
    "Title": "Array iteration methods may continue after a reference to the array has been deleted"
  },
  {
    "Id": 25472,
    "Title": "Can't call functions with null or undefined as the this-binding unless in strict mode"
  },
  {
    "Id": 25605,
    "Title": "Update front page !"
  },
  {
    "Id": 25867,
    "Title": "Test 15.4.4.16-5-1 incorrect"
  },
  {
    "Id": 26506,
    "Title": "Test for `Object.create` accepting `null` as a first argument"
  },
  {
    "Id": 26839,
    "Title": "High constant in 15.4.4.19-8-c-ii-1 causes low performance during testing"
  },
  {
    "Id": 26847,
    "Title": "`Object.getOwnPropertyNames` and built-ins"
  },
  {
    "Id": 26864,
    "Title": "15.4.4.19-5-7 and 15.4.4.19-5-8 make use of Array.isArray without checkink them as preconditions"
  },
  {
    "Id": 26872,
    "Title": "All \"stops calling callbackfn once the array is deleted during the call\" tests are wrong"
  },
  {
    "Id": 28578,
    "Title": "Test 7.8.4-1-s does not correctly check whether octal escape sequences are allowed"
  },
  {
    "Id": 28580,
    "Title": "Test 12.14-5 declares a function inside a catch block - the spec disallows this"
  },
  {
    "Id": 28581,
    "Title": "The preconditions for tests 15.12.2-0-3 and 15.12.3-0-3 do not return true"
  },
  {
    "Id": 28594,
    "Title": "The test 15.2.3.3-4-188 assumes Function.prototype.name does not exist"
  },
  {
    "Id": 28595,
    "Title": "The test 15.2.3.4-4-1 assumes a fixed list of properties on the global object"
  },
  {
    "Id": 29084,
    "Title": "Deleting a variable in strict mode produces a SyntaxError, not a ReferenceError (tests 11.4.1-5-1-s, 11.4.1-5-2-s, 11.4.1-5-3-s)"
  },
  {
    "Id": 29085,
    "Title": "Tests 15.4.4.21-9-c-ii-4-s and 15.4.4.22-9-c-ii-4-s assert that null should be passed as the this value (should be undefined)"
  },
  {
    "Id": 29087,
    "Title": "Tests 11.13.1-4-2-s, 11.13.1-4-3-s, 11.13.1-4-4-s, 11.13.1-4-27-s do not get the global object correctly"
  },
  {
    "Id": 29088,
    "Title": "The precondition for test 15.4.4.19-9-3 references an undefined variable"
  },
  {
    "Id": 29089,
    "Title": "Tests 12.2.1-1-s to 12.2.1-10-s expect an EvalError when it should be a SyntaxError"
  },
  {
    "Id": 29100,
    "Title": "Tests 13.1-3-3-s and others are missing a return statement"
  },
  {
    "Id": 29102,
    "Title": "Test 15.4.4.14-9.a-1 always fails"
  },
  {
    "Id": 29103,
    "Title": "Test 15.3.2.1-11-6-s does not return a value"
  },
  {
    "Id": 29141,
    "Title": "Tests 10.6-13-b-3-s and 10.6-13-c-3-s reference nonexistent property \"put\""
  },
  {
    "Id": 29143,
    "Title": "Test 15.4.4.17-4-9 incorrectly asserts that Array.prototype.some returns -1"
  },
  {
    "Id": 29144,
    "Title": "Test 15.4.4.17-8-10 mistakenly switches true and false around"
  },
  {
    "Id": 29146,
    "Title": "Test 15.4.4.22-9-1 has a copy and paste bug"
  },
  {
    "Id": 29151,
    "Title": "Test 11.4.1-4.a-4-s assumes the \"this\" keyword refers to the global object"
  },
  {
    "Id": 29152,
    "Title": "Test 11.13.1-1-7-s assumes the \"this\" keyword is undefined"
  },
  {
    "Id": 29304,
    "Title": "Test 15.2.3.2-1 always fail"
  },
  {
    "Id": 29680,
    "Title": "13.1-3-3-s to 13.1-3-12s should have return statement"
  },
  {
    "Id": 30361,
    "Title": "15.12.3-11-6.js - typo precodition"
  }
]