{
  "WorkItem": {
    "AffectedComponent": {
      "Name": "",
      "DisplayName": ""
    },
    "ClosedComment": "",
    "ClosedDate": null,
    "CommentCount": 0,
    "Custom": null,
    "Description": "I'm emulating the run of tests in my unit test system and do not take into account situation when the precondition is not defined. This test - TestCases/chapter15/15.12/15.12.3/15.12.3-11-6.js - fails and after looking at the code I see that there is a precondition function just there is the typo in the property name - 'precodition'.",
    "LastUpdatedDate": "2013-02-12T19:09:21.197-08:00",
    "PlannedForRelease": "",
    "ReleaseVisibleToPublic": false,
    "Priority": {
      "Name": "Low",
      "Severity": 50,
      "Id": 1
    },
    "ProjectName": "ES5conform",
    "ReportedDate": "2011-03-17T02:35:57.21-07:00",
    "Status": {
      "Name": "Proposed",
      "Id": 1
    },
    "ReasonClosed": {
      "Name": "Unassigned"
    },
    "Summary": "15.12.3-11-6.js - typo precodition",
    "Type": {
      "Name": "Issue",
      "Id": 3
    },
    "VoteCount": 1,
    "Id": 30361
  },
  "FileAttachments": [],
  "Comments": []
}