{
  "WorkItem": {
    "AffectedComponent": {
      "Name": "",
      "DisplayName": ""
    },
    "ClosedComment": "",
    "ClosedDate": null,
    "CommentCount": 0,
    "Custom": null,
    "Description": "The test 15.4.4.17-4-9 asserts that Array.prototype.some returns -1 if the length property is zero.  This is incorrect; it should return false instead.",
    "LastUpdatedDate": "2013-02-12T19:09:22.937-08:00",
    "PlannedForRelease": "",
    "ReleaseVisibleToPublic": false,
    "Priority": {
      "Name": "Low",
      "Severity": 50,
      "Id": 1
    },
    "ProjectName": "ES5conform",
    "ReportedDate": "2010-10-12T06:12:50.753-07:00",
    "Status": {
      "Name": "Proposed",
      "Id": 1
    },
    "ReasonClosed": {
      "Name": "Unassigned"
    },
    "Summary": "Test 15.4.4.17-4-9 incorrectly asserts that Array.prototype.some returns -1",
    "Type": {
      "Name": "Issue",
      "Id": 3
    },
    "VoteCount": 1,
    "Id": 29143
  },
  "FileAttachments": [],
  "Comments": [
    {
      "Message": "http://es5conform.codeplex.com/workitem/29141 has a patch that also fixes this.",
      "PostedDate": "2011-01-01T14:37:46.72-08:00",
      "Id": -2147483648
    },
    {
      "Message": "",
      "PostedDate": "2013-02-12T19:09:22.937-08:00",
      "Id": -2147483648
    }
  ]
}