{
  "WorkItem": {
    "AffectedComponent": {
      "Name": "",
      "DisplayName": ""
    },
    "ClosedComment": "fixed in changeset 58906&#59;",
    "ClosedDate": "2009-09-12T16:37:38.63-07:00",
    "CommentCount": 0,
    "Custom": null,
    "Description": "There are two problems with this test:\n1. It tries to get the prototype property of the Number constructor, using Object.getOwnPropertyDescriptor, which is of course returning the descriptor, not the property's value. Number.prototype would suffice.\n2. It tests that this value is the number prototype object, by calling (d instanceof Number). However, 15.7.4 says: \"The value of the [[Prototype]] internal property of the Number prototype object is the standard built-in Object prototype object\". Therefore it cannot be an instanceof Number, as the Number constructor will not appear in its prototype chain. Perhaps this check could be replaced with d.constructor === Number ?",
    "LastUpdatedDate": "2013-05-15T16:23:22.69-07:00",
    "PlannedForRelease": "",
    "ReleaseVisibleToPublic": false,
    "Priority": {
      "Name": "Low",
      "Severity": 50,
      "Id": 1
    },
    "ProjectName": "ES5conform",
    "ReportedDate": "2009-07-29T13:19:47.583-07:00",
    "Status": {
      "Name": "Closed",
      "Id": 4
    },
    "ReasonClosed": {
      "Name": "Unassigned"
    },
    "Summary": "Test 15.7.3.1-2 is checking the wrong things",
    "Type": {
      "Name": "Issue",
      "Id": 3
    },
    "VoteCount": 1,
    "Id": 24157
  },
  "FileAttachments": [],
  "Comments": []
}