{
  "WorkItem": {
    "AffectedComponent": {
      "Name": "",
      "DisplayName": ""
    },
    "ClosedComment": "the front page has been updated",
    "ClosedDate": "2009-12-14T10:38:14.567-08:00",
    "CommentCount": 0,
    "Custom": null,
    "Description": "ecmaScrip5 is NOW a standard, not in beta. The front page is WRONG",
    "LastUpdatedDate": "2013-05-15T16:23:21.617-07:00",
    "PlannedForRelease": "",
    "ReleaseVisibleToPublic": false,
    "Priority": {
      "Name": "Low",
      "Severity": 50,
      "Id": 1
    },
    "ProjectName": "ES5conform",
    "ReportedDate": "2009-12-10T04:12:46.683-08:00",
    "Status": {
      "Name": "Closed",
      "Id": 4
    },
    "ReasonClosed": {
      "Name": "Unassigned"
    },
    "Summary": "Update front page !",
    "Type": {
      "Name": "Issue",
      "Id": 3
    },
    "VoteCount": 1,
    "Id": 25605
  },
  "FileAttachments": [],
  "Comments": []
}