{
  "WorkItem": {
    "AffectedComponent": {
      "Name": "",
      "DisplayName": ""
    },
    "ClosedComment": "",
    "ClosedDate": null,
    "CommentCount": 0,
    "Custom": null,
    "Description": "This test attempts to verify that escaped quotes do not get accepted in place of actual quotes in JSON.parse, but it fails to escape the unicode escapes.  The test is:\nJSON.parse(\"\\u0022abc\\u0022\")\n \nbut should be\nJSON.parse(\"\\\\u0022abc\\\\u0022\")",
    "LastUpdatedDate": "2013-02-12T19:09:27.793-08:00",
    "PlannedForRelease": "",
    "ReleaseVisibleToPublic": false,
    "Priority": {
      "Name": "Low",
      "Severity": 50,
      "Id": 1
    },
    "ProjectName": "ES5conform",
    "ReportedDate": "2009-09-30T17:15:59.68-07:00",
    "Status": {
      "Name": "Proposed",
      "Id": 1
    },
    "ReasonClosed": {
      "Name": "Unassigned"
    },
    "Summary": "Test 15.12.1.1-g2-3 is incorrect",
    "Type": {
      "Name": "Issue",
      "Id": 3
    },
    "VoteCount": 2,
    "Id": 24770
  },
  "FileAttachments": [],
  "Comments": [
    {
      "Message": "I can confirm this issue.",
      "PostedDate": "2010-08-11T03:35:08.48-07:00",
      "Id": -2147483648
    },
    {
      "Message": "Ah, sorry, I see this is fixed in change set #65285.  This issue can be closed.",
      "PostedDate": "2010-08-11T03:57:48.837-07:00",
      "Id": -2147483648
    },
    {
      "Message": "",
      "PostedDate": "2013-02-12T19:09:27.793-08:00",
      "Id": -2147483648
    }
  ]
}