{
  "WorkItem": {
    "AffectedComponent": {
      "Name": "",
      "DisplayName": ""
    },
    "ClosedComment": "fixed in changeset 58906&#59;removed tests left over from when ES5 was considering having lexically scoped vars.",
    "ClosedDate": "2009-09-12T16:35:43.907-07:00",
    "CommentCount": 0,
    "Custom": null,
    "Description": "Similar to issue 24209.\n \ncatch blocks do not create a new execution context, but merely replace the LexicalEnvironment of the current execution context. Therefore Declaration Binding Instantiation (spec section 10.5) doesn't happen for catch blocks, which means that function declarations are bound to the closest enclosing function, as are variable declarations. The only binding you have that's local to the catch block is the actual error variable.\n \nThis means that the following tests are incorrect.\n12.14-1\n12.14-2\n12.14-3",
    "LastUpdatedDate": "2013-05-15T16:23:21.9-07:00",
    "PlannedForRelease": "",
    "ReleaseVisibleToPublic": false,
    "Priority": {
      "Name": "Low",
      "Severity": 50,
      "Id": 1
    },
    "ProjectName": "ES5conform",
    "ReportedDate": "2009-08-05T03:19:14.85-07:00",
    "Status": {
      "Name": "Closed",
      "Id": 4
    },
    "ReasonClosed": {
      "Name": "Unassigned"
    },
    "Summary": "catch-blocks do not create a new execution context",
    "Type": {
      "Name": "Issue",
      "Id": 3
    },
    "VoteCount": 1,
    "Id": 24211
  },
  "FileAttachments": [],
  "Comments": []
}