[
  {
    "Id": "0",
    "Name": "0.1",
    "DevelopmentStatus": "Alpha",
    "Description": "This is the initial Codeplex release of the ECMAScript 5 Conformance Test Suite. \n\nThis version contains 857 tests that primarily focus on testing features that are new in ES5.\n\nTo run the tests on your favorate browser simply download the zip file, unpack, and ofen the file runtests.html using your browsers.\n",
    "ReleasedDatge": "0001-01-01T00:00:00",
    "ModifiedDate": "2009-06-27T13:21:20.853-07:00",
    "Files": [
      {
        "Id": "df5a831f-b71e-404b-9a32-49c018495ce6",
        "FileName": "ES5conform0.1.zip",
        "Url": "./0/df5a831f-b71e-404b-9a32-49c018495ce6",
        "Type": "Source Code",
        "UploadDate": "2009-06-27T13:09:16.877-07:00"
      }
    ]
  },
  {
    "Id": "1",
    "Name": "0.2",
    "DevelopmentStatus": "Alpha",
    "Description": "This a significant update of the ECMAScript 5 Conformance Test Suite adding about 400 new tests.  In addition, tests have been removed or modified to better match the final verions of the ES5 specifications. \n\nThis version contains 1236 tests that primarily focus on testing features that are new in ES5. However, some tests that also test features that exist in ES3 have also been added.\n\nTo run the tests on your favorate browser simply download the zip file, unpack, and ofen the file runtests.html using your browsers.",
    "ReleasedDatge": "0001-01-01T00:00:00",
    "ModifiedDate": "2009-09-12T21:00:24.057-07:00",
    "Files": [
      {
        "Id": "b730f1ff-ff1c-4a5f-b402-3b744cec6e36",
        "FileName": "ES5conform0.2a.zip",
        "Url": "./1/b730f1ff-ff1c-4a5f-b402-3b744cec6e36",
        "Type": "Application",
        "UploadDate": "2009-09-12T20:59:47.333-07:00"
      }
    ]
  }
]