[
  {
    "Title": "Home",
    "Id": "459425",
    "ParentWikiTitle": "Home",
    "FileExtension": "codeplexwiki",
    "UpdatedDate": "2011-08-08T10:57:03.02-07:00",
    "FileAttachments": []
  },
  {
    "Title": "Documentation",
    "Id": "459421",
    "ParentWikiTitle": "Documentation",
    "FileExtension": "codeplexwiki",
    "UpdatedDate": "2011-08-08T10:44:21.88-07:00",
    "FileAttachments": []
  },
  {
    "Title": "testOrg",
    "Id": "182274",
    "ParentWikiTitle": "Home",
    "FileExtension": "codeplexwiki",
    "UpdatedDate": "2009-08-12T13:14:42.1-07:00",
    "FileAttachments": []
  },
  {
    "Title": "License",
    "Id": "169717",
    "ParentWikiTitle": "Home",
    "FileExtension": "codeplexwiki",
    "UpdatedDate": "2009-06-18T15:10:10.747-07:00",
    "FileAttachments": []
  }
]
